local_time,quote_time,code,name,price,pct,open,high,low,prev_close,amount,trigger_price,invalid_price
2026-06-02T09:25:52,2026-06-02 09:25:46,601702,华峰铝业,20.4,0.691,20.4,20.4,20.4,20.26,2509200.0,20.26,18.7
2026-06-02T09:25:52,2026-06-02 09:25:39,600979,广安爱众,5.28,0.1898,5.28,5.28,5.28,5.27,7787472.0,5.27,4.82
2026-06-02T09:25:52,2026-06-02 09:25:33,600622,光大嘉宝,2.64,-0.3774,2.64,2.64,2.64,2.65,5807472.0,2.65,2.46
2026-06-02T09:25:52,2026-06-02 09:25:00,002251,步步高,4.85,-3.0,4.85,4.85,4.85,5.0,26254020.0,5.0,4.45
2026-06-02T09:25:52,2026-06-02 09:25:30,601566,九牧王,12.6,-1.0989,12.6,12.6,12.6,12.74,4851000.0,12.74,10.99
2026-06-02T09:25:52,2026-06-02 09:25:00,000799,酒鬼酒,45.31,0.0221,45.31,45.31,45.31,45.3,11123605.0,45.3,41.58
2026-06-02T09:25:52,2026-06-02 09:25:00,002824,和胜股份,25.83,1.0168,25.83,25.83,25.83,25.57,4034646.0,25.57,24.43
2026-06-02T09:25:52,2026-06-02 09:25:00,001269,欧晶科技,25.53,-2.1089,25.53,25.53,25.53,26.08,4454985.0,26.08,24.22
2026-06-02T09:25:52,2026-06-02 09:25:23,600863,华能蒙电,7.49,-5.4293,7.49,7.49,7.49,7.92,65556255.0,6.1,5.39
2026-06-02T09:25:52,2026-06-02 09:25:37,603303,得邦照明,25.12,-3.9755,25.12,25.12,25.12,26.16,5207376.0,25.79,22.56
2026-06-02T09:30:55,2026-06-02 09:30:51,601702,华峰铝业,20.5,1.1846,20.4,20.53,20.26,20.26,13755324.0,20.26,18.7
2026-06-02T09:30:55,2026-06-02 09:30:53,600979,广安爱众,5.23,-0.759,5.28,5.3,5.2,5.27,27280820.0,5.27,4.82
2026-06-02T09:30:55,2026-06-02 09:30:53,600622,光大嘉宝,2.64,-0.3774,2.64,2.68,2.64,2.65,15134104.0,2.65,2.46
2026-06-02T09:30:55,2026-06-02 09:30:54,002251,步步高,4.9,-2.0,4.85,4.95,4.81,5.0,89495029.0,5.0,4.45
2026-06-02T09:30:55,2026-06-02 09:30:50,601566,九牧王,12.69,-0.3925,12.6,12.8,12.6,12.74,12712996.0,12.74,10.99
2026-06-02T09:30:55,2026-06-02 09:30:54,000799,酒鬼酒,45.48,0.3974,45.31,45.76,44.75,45.3,45637348.2,45.3,41.58
2026-06-02T09:30:55,2026-06-02 09:30:54,002824,和胜股份,25.42,-0.5866,25.83,25.86,25.3,25.57,18610591.0,25.57,24.43
2026-06-02T09:30:55,2026-06-02 09:30:54,001269,欧晶科技,25.85,-0.8819,25.53,25.88,25.47,26.08,14486471.0,26.08,24.22
2026-06-02T09:30:55,2026-06-02 09:30:52,600863,华能蒙电,7.35,-7.197,7.49,7.5,7.33,7.92,219649959.0,6.1,5.39
2026-06-02T09:30:55,2026-06-02 09:30:51,603303,得邦照明,26.55,1.4908,25.12,26.61,25.12,26.16,19970889.0,25.79,22.56
2026-06-02T09:35:00,2026-06-02 09:34:57,601702,华峰铝业,20.52,1.2833,20.4,20.68,20.26,20.26,35293841.0,20.26,18.7
2026-06-02T09:35:00,2026-06-02 09:34:59,600979,广安爱众,5.22,-0.9488,5.28,5.3,5.17,5.27,70669933.0,5.27,4.82
2026-06-02T09:35:00,2026-06-02 09:34:56,600622,光大嘉宝,2.7,1.8868,2.64,2.71,2.63,2.65,33225572.0,2.65,2.46
2026-06-02T09:35:00,2026-06-02 09:34:57,002251,步步高,4.85,-3.0,4.85,4.95,4.76,5.0,261581392.32,5.0,4.45
2026-06-02T09:35:00,2026-06-02 09:34:56,601566,九牧王,12.49,-1.9623,12.6,12.85,12.48,12.74,40363223.0,12.74,10.99
2026-06-02T09:35:00,2026-06-02 09:34:57,000799,酒鬼酒,44.96,-0.7506,45.31,45.76,44.75,45.3,104406694.12,45.3,41.58
2026-06-02T09:35:00,2026-06-02 09:34:57,002824,和胜股份,25.51,-0.2346,25.83,25.86,25.19,25.57,49420522.0,25.57,24.43
2026-06-02T09:35:00,2026-06-02 09:34:57,001269,欧晶科技,25.35,-2.7991,25.53,25.9,25.31,26.08,37936068.0,26.08,24.22
2026-06-02T09:35:00,2026-06-02 09:34:58,600863,华能蒙电,7.42,-6.3131,7.49,7.5,7.2,7.92,693223692.0,6.1,5.39
2026-06-02T09:35:00,2026-06-02 09:34:57,603303,得邦照明,26.23,0.2676,25.12,27.5,25.12,26.16,83021153.0,25.79,22.56
2026-06-02T09:40:02,2026-06-02 09:40:00,601702,华峰铝业,20.5,1.1846,20.4,20.68,20.26,20.26,55384917.0,20.26,18.7
2026-06-02T09:40:02,2026-06-02 09:39:59,600979,广安爱众,5.2,-1.3283,5.28,5.3,5.14,5.27,113408018.0,5.27,4.82
2026-06-02T09:40:02,2026-06-02 09:39:59,600622,光大嘉宝,2.65,0.0,2.64,2.71,2.63,2.65,45753220.0,2.65,2.46
2026-06-02T09:40:02,2026-06-02 09:40:00,002251,步步高,4.81,-3.8,4.85,4.97,4.76,5.0,386812618.72,5.0,4.45
2026-06-02T09:40:02,2026-06-02 09:39:59,601566,九牧王,12.51,-1.8053,12.6,12.85,12.46,12.74,57581601.0,12.74,10.99
2026-06-02T09:40:02,2026-06-02 09:40:00,000799,酒鬼酒,44.48,-1.8102,45.31,45.76,44.29,45.3,182859648.72,45.3,41.58
2026-06-02T09:40:02,2026-06-02 09:40:00,002824,和胜股份,25.41,-0.6257,25.83,25.86,25.19,25.57,74780366.34,25.57,24.43
2026-06-02T09:40:02,2026-06-02 09:40:00,001269,欧晶科技,25.38,-2.684,25.53,25.9,25.25,26.08,52981357.0,26.08,24.22
2026-06-02T09:45:04,2026-06-02 09:45:03,601702,华峰铝业,20.26,0.0,20.4,20.68,20.22,20.26,66168288.0,20.26,18.7
2026-06-02T09:45:04,2026-06-02 09:45:02,600979,广安爱众,5.21,-1.1385,5.28,5.3,5.14,5.27,138850924.0,5.27,4.82
2026-06-02T09:45:04,2026-06-02 09:45:02,600622,光大嘉宝,2.61,-1.5094,2.64,2.71,2.61,2.65,53056591.0,2.65,2.46
2026-06-02T09:45:04,2026-06-02 09:45:03,002251,步步高,4.79,-4.2,4.85,4.97,4.76,5.0,480500079.8,5.0,4.45
2026-06-02T09:45:04,2026-06-02 09:45:02,601566,九牧王,12.49,-1.9623,12.6,12.85,12.43,12.74,72179925.0,12.74,10.99
2026-06-02T09:45:04,2026-06-02 09:45:03,000799,酒鬼酒,44.74,-1.2362,45.31,45.76,44.03,45.3,243887656.67,45.3,41.58
2026-06-02T09:45:04,2026-06-02 09:45:00,002824,和胜股份,24.98,-2.3074,25.83,25.86,24.95,25.57,99711047.49,25.57,24.43
2026-06-02T09:45:04,2026-06-02 09:45:03,001269,欧晶科技,25.3,-2.9908,25.53,25.9,25.25,26.08,62919004.0,26.08,24.22
2026-06-02T09:50:06,2026-06-02 09:50:03,601702,华峰铝业,20.39,0.6417,20.4,20.68,20.22,20.26,75607703.0,20.26,18.7
2026-06-02T09:50:06,2026-06-02 09:50:05,600979,广安爱众,5.16,-2.0873,5.28,5.3,5.14,5.27,160101763.0,5.27,4.82
2026-06-02T09:50:06,2026-06-02 09:50:05,600622,光大嘉宝,2.61,-1.5094,2.64,2.71,2.6,2.65,60821017.0,2.65,2.46
2026-06-02T09:50:06,2026-06-02 09:50:03,002251,步步高,4.76,-4.8,4.85,4.97,4.68,5.0,653277720.0,5.0,4.45
2026-06-02T09:50:06,2026-06-02 09:50:06,601566,九牧王,12.36,-2.9827,12.6,12.85,12.36,12.74,84827293.0,12.74,10.99
2026-06-02T09:50:06,2026-06-02 09:50:03,000799,酒鬼酒,44.57,-1.6115,45.31,45.76,44.03,45.3,275707490.67,45.3,41.58
2026-06-02T09:50:06,2026-06-02 09:50:03,002824,和胜股份,25.03,-2.1118,25.83,25.86,24.95,25.57,124875820.49,25.57,24.43
2026-06-02T09:50:06,2026-06-02 09:50:03,001269,欧晶科技,25.19,-3.4126,25.53,25.9,25.18,26.08,72510495.53,26.08,24.22
2026-06-02T09:55:08,2026-06-02 09:55:06,601702,华峰铝业,20.25,-0.0494,20.4,20.68,20.22,20.26,86296437.0,20.26,18.7
2026-06-02T09:55:08,2026-06-02 09:55:05,600979,广安爱众,5.13,-2.6565,5.28,5.3,5.12,5.27,190445107.0,5.27,4.82
2026-06-02T09:55:08,2026-06-02 09:55:05,600622,光大嘉宝,2.6,-1.8868,2.64,2.71,2.59,2.65,65575786.0,2.65,2.46
2026-06-02T09:55:08,2026-06-02 09:55:06,002251,步步高,4.85,-3.0,4.85,4.97,4.68,5.0,777379133.19,5.0,4.45
2026-06-02T09:55:08,2026-06-02 09:55:06,601566,九牧王,12.46,-2.1978,12.6,12.85,12.36,12.74,95097802.0,12.74,10.99
2026-06-02T09:55:08,2026-06-02 09:55:06,000799,酒鬼酒,45.82,1.1479,45.31,46.53,44.03,45.3,470294262.07,45.3,41.58
2026-06-02T09:55:08,2026-06-02 09:55:06,002824,和胜股份,24.8,-3.0113,25.83,25.86,24.76,25.57,145145377.34,25.57,24.43
2026-06-02T09:55:08,2026-06-02 09:55:06,001269,欧晶科技,25.1,-3.7577,25.53,25.9,25.05,26.08,86846680.53,26.08,24.22
2026-06-02T10:00:10,2026-06-02 10:00:06,601702,华峰铝业,20.29,0.1481,20.4,20.68,20.1,20.26,96049685.0,20.26,18.7
2026-06-02T10:00:10,2026-06-02 10:00:08,600979,广安爱众,5.11,-3.0361,5.28,5.3,5.1,5.27,218916136.0,5.27,4.82
2026-06-02T10:00:10,2026-06-02 10:00:08,600622,光大嘉宝,2.6,-1.8868,2.64,2.71,2.58,2.65,69146159.0,2.65,2.46
2026-06-02T10:00:10,2026-06-02 10:00:06,002251,步步高,4.88,-2.4,4.85,4.99,4.68,5.0,923698490.57,5.0,4.45
2026-06-02T10:00:10,2026-06-02 10:00:08,601566,九牧王,12.38,-2.8257,12.6,12.85,12.35,12.74,106229546.0,12.74,10.99
2026-06-02T10:00:10,2026-06-02 10:00:09,000799,酒鬼酒,46.13,1.8322,45.31,46.81,44.03,45.3,608112991.96,45.3,41.58
2026-06-02T10:00:10,2026-06-02 10:00:06,002824,和胜股份,24.68,-3.4806,25.83,25.86,24.63,25.57,161765574.34,25.57,24.43
2026-06-02T10:00:10,2026-06-02 10:00:09,001269,欧晶科技,24.96,-4.2945,25.53,25.9,24.91,26.08,98799549.53,26.08,24.22
2026-06-02T10:05:12,2026-06-02 10:05:09,601702,华峰铝业,20.3,0.1974,20.4,20.68,20.1,20.26,110229479.0,20.26,18.7
2026-06-02T10:05:12,2026-06-02 10:05:11,600979,广安爱众,5.1,-3.2258,5.28,5.3,5.09,5.27,252265531.0,5.27,4.82
2026-06-02T10:05:12,2026-06-02 10:05:11,600622,光大嘉宝,2.59,-2.2642,2.64,2.71,2.58,2.65,73833798.0,2.65,2.46
2026-06-02T10:05:12,2026-06-02 10:05:09,002251,步步高,4.89,-2.2,4.85,4.99,4.68,5.0,967083655.57,5.0,4.45
2026-06-02T10:05:12,2026-06-02 10:05:08,601566,九牧王,12.36,-2.9827,12.6,12.85,12.35,12.74,114673416.0,12.74,10.99
2026-06-02T10:05:12,2026-06-02 10:05:09,000799,酒鬼酒,46.51,2.6711,45.31,46.81,44.03,45.3,666732829.38,45.3,41.58
2026-06-02T10:05:12,2026-06-02 10:05:09,002824,和胜股份,24.53,-4.0673,25.83,25.86,24.5,25.57,173167566.34,25.57,24.43
2026-06-02T10:05:12,2026-06-02 10:05:09,001269,欧晶科技,25.51,-2.1856,25.53,25.9,24.91,26.08,113210605.53,26.08,24.22
2026-06-02T10:10:14,2026-06-02 10:10:12,601702,华峰铝业,20.33,0.3455,20.4,20.68,20.1,20.26,116385205.0,20.26,18.7
2026-06-02T10:10:14,2026-06-02 10:10:11,600979,广安爱众,5.13,-2.6565,5.28,5.3,5.09,5.27,271494104.0,5.27,4.82
2026-06-02T10:10:14,2026-06-02 10:10:11,600622,光大嘉宝,2.59,-2.2642,2.64,2.71,2.58,2.65,77545909.0,2.65,2.46
2026-06-02T10:10:14,2026-06-02 10:10:12,002251,步步高,4.8,-4.0,4.85,4.99,4.68,5.0,1012129687.54,5.0,4.45
2026-06-02T10:10:14,2026-06-02 10:10:11,601566,九牧王,12.38,-2.8257,12.6,12.85,12.33,12.74,122787516.0,12.74,10.99
2026-06-02T10:10:14,2026-06-02 10:10:12,000799,酒鬼酒,45.85,1.2141,45.31,46.86,44.03,45.3,738224509.43,45.3,41.58
2026-06-02T10:10:14,2026-06-02 10:10:12,002824,和胜股份,24.75,-3.2069,25.83,25.86,24.5,25.57,183098638.34,25.57,24.43
2026-06-02T10:10:14,2026-06-02 10:10:12,001269,欧晶科技,25.65,-1.6488,25.53,25.9,24.91,26.08,120139597.53,26.08,24.22
2026-06-02T10:15:16,2026-06-02 10:15:15,601702,华峰铝业,20.33,0.3455,20.4,20.68,20.1,20.26,122729400.0,20.26,18.7
2026-06-02T10:15:16,2026-06-02 10:15:14,600979,广安爱众,5.12,-2.8463,5.28,5.3,5.09,5.27,287019935.0,5.27,4.82
2026-06-02T10:15:16,2026-06-02 10:15:14,600622,光大嘉宝,2.58,-2.6415,2.64,2.71,2.58,2.65,79561955.0,2.65,2.46
2026-06-02T10:15:16,2026-06-02 10:15:15,002251,步步高,4.79,-4.2,4.85,4.99,4.68,5.0,1043149014.04,5.0,4.45
2026-06-02T10:15:16,2026-06-02 10:15:15,601566,九牧王,12.3,-3.4537,12.6,12.85,12.21,12.74,137503610.0,12.74,10.99
2026-06-02T10:15:16,2026-06-02 10:15:15,000799,酒鬼酒,45.56,0.574,45.31,46.86,44.03,45.3,770611658.95,45.3,41.58
2026-06-02T10:15:16,2026-06-02 10:15:15,002824,和胜股份,24.68,-3.4806,25.83,25.86,24.5,25.57,193193600.34,25.57,24.43
2026-06-02T10:15:16,2026-06-02 10:15:15,001269,欧晶科技,25.68,-1.5337,25.53,25.9,24.91,26.08,127525716.53,26.08,24.22
2026-06-02T10:20:18,2026-06-02 10:20:15,601702,华峰铝业,20.3,0.1974,20.4,20.68,20.1,20.26,131250230.0,20.26,18.7
2026-06-02T10:20:18,2026-06-02 10:20:17,600979,广安爱众,5.21,-1.1385,5.28,5.3,5.09,5.27,305202284.0,5.27,4.82
2026-06-02T10:20:18,2026-06-02 10:20:17,600622,光大嘉宝,2.58,-2.6415,2.64,2.71,2.57,2.65,84743250.0,2.65,2.46
2026-06-02T10:20:18,2026-06-02 10:20:15,002251,步步高,4.78,-4.4,4.85,4.99,4.68,5.0,1067254944.04,5.0,4.45
2026-06-02T10:20:18,2026-06-02 10:20:14,601566,九牧王,12.27,-3.6892,12.6,12.85,12.21,12.74,143452478.0,12.74,10.99
2026-06-02T10:20:18,2026-06-02 10:20:15,000799,酒鬼酒,45.52,0.4857,45.31,46.86,44.03,45.3,797442330.23,45.3,41.58
2026-06-02T10:20:18,2026-06-02 10:20:15,002824,和胜股份,25.17,-1.5643,25.83,25.86,24.5,25.57,204215628.34,25.57,24.43
2026-06-02T10:20:18,2026-06-02 10:20:15,001269,欧晶科技,25.83,-0.9586,25.53,25.9,24.91,26.08,133515611.53,26.08,24.22
2026-06-02T10:25:20,2026-06-02 10:25:18,601702,华峰铝业,20.34,0.3949,20.4,20.68,20.1,20.26,136202607.0,20.26,18.7
2026-06-02T10:25:20,2026-06-02 10:25:17,600979,广安爱众,5.2,-1.3283,5.28,5.3,5.09,5.27,322362314.0,5.27,4.82
2026-06-02T10:25:20,2026-06-02 10:25:17,600622,光大嘉宝,2.62,-1.1321,2.64,2.71,2.57,2.65,89691588.0,2.65,2.46
2026-06-02T10:25:20,2026-06-02 10:25:18,002251,步步高,4.78,-4.4,4.85,4.99,4.68,5.0,1082328820.04,5.0,4.45
2026-06-02T10:25:20,2026-06-02 10:25:17,601566,九牧王,12.27,-3.6892,12.6,12.85,12.21,12.74,157300301.0,12.74,10.99
2026-06-02T10:25:20,2026-06-02 10:25:18,000799,酒鬼酒,45.11,-0.4194,45.31,46.86,44.03,45.3,823534400.99,45.3,41.58
2026-06-02T10:25:20,2026-06-02 10:25:18,002824,和胜股份,25.3,-1.0559,25.83,25.86,24.5,25.57,222972049.34,25.57,24.43
2026-06-02T10:25:20,2026-06-02 10:25:18,001269,欧晶科技,26.0,-0.3067,25.53,26.01,24.91,26.08,140850878.53,26.08,24.22
2026-06-02T10:30:22,2026-06-02 10:30:21,601702,华峰铝业,20.2,-0.2962,20.4,20.68,20.1,20.26,141904422.0,20.26,18.7
2026-06-02T10:30:22,2026-06-02 10:30:20,600979,广安爱众,5.18,-1.7078,5.28,5.3,5.09,5.27,328517717.0,5.27,4.82
2026-06-02T10:30:22,2026-06-02 10:30:20,600622,光大嘉宝,2.61,-1.5094,2.64,2.71,2.57,2.65,90691165.0,2.65,2.46
2026-06-02T10:30:22,2026-06-02 10:30:21,002251,步步高,4.77,-4.6,4.85,4.99,4.68,5.0,1102741739.79,5.0,4.45
2026-06-02T10:30:22,2026-06-02 10:30:20,601566,九牧王,12.25,-3.8462,12.6,12.85,12.21,12.74,163551517.0,12.74,10.99
2026-06-02T10:30:22,2026-06-02 10:30:21,000799,酒鬼酒,45.08,-0.4857,45.31,46.86,44.03,45.3,844741271.63,45.3,41.58
2026-06-02T10:30:22,2026-06-02 10:30:21,002824,和胜股份,25.24,-1.2906,25.83,25.86,24.5,25.57,229249120.34,25.57,24.43
2026-06-02T10:30:22,2026-06-02 10:30:21,001269,欧晶科技,25.94,-0.5368,25.53,26.1,24.91,26.08,146282292.53,26.08,24.22
2026-06-02T10:35:27,2026-06-02 10:35:24,601702,华峰铝业,20.18,-0.3949,20.4,20.68,20.1,20.26,147979022.0,20.26,18.7
2026-06-02T10:35:27,2026-06-02 10:35:26,600979,广安爱众,5.18,-1.7078,5.28,5.3,5.09,5.27,336817319.0,5.27,4.82
2026-06-02T10:35:27,2026-06-02 10:35:26,600622,光大嘉宝,2.59,-2.2642,2.64,2.71,2.57,2.65,91556357.0,2.65,2.46
2026-06-02T10:35:27,2026-06-02 10:35:24,002251,步步高,4.81,-3.8,4.85,4.99,4.68,5.0,1123848813.27,5.0,4.45
2026-06-02T10:35:27,2026-06-02 10:35:23,601566,九牧王,12.2,-4.2386,12.6,12.85,12.18,12.74,171959845.0,12.74,10.99
2026-06-02T10:35:27,2026-06-02 10:35:24,000799,酒鬼酒,44.93,-0.8168,45.31,46.86,44.03,45.3,867525318.59,45.3,41.58
2026-06-02T10:35:27,2026-06-02 10:35:24,002824,和胜股份,25.14,-1.6817,25.83,25.86,24.5,25.57,235103032.34,25.57,24.43
2026-06-02T10:35:27,2026-06-02 10:35:24,001269,欧晶科技,25.93,-0.5752,25.53,26.1,24.91,26.08,151089819.53,26.08,24.22
2026-06-02T10:40:29,2026-06-02 10:40:27,601702,华峰铝业,20.24,-0.0987,20.4,20.68,20.1,20.26,152421226.0,20.26,18.7
2026-06-02T10:40:29,2026-06-02 10:40:26,600979,广安爱众,5.17,-1.8975,5.28,5.3,5.09,5.27,341649143.0,5.27,4.82
2026-06-02T10:40:29,2026-06-02 10:40:26,600622,光大嘉宝,2.59,-2.2642,2.64,2.71,2.57,2.65,92709434.0,2.65,2.46
2026-06-02T10:40:29,2026-06-02 10:40:27,002251,步步高,4.77,-4.6,4.85,4.99,4.68,5.0,1135583847.47,5.0,4.45
2026-06-02T10:40:29,2026-06-02 10:40:26,601566,九牧王,12.2,-4.2386,12.6,12.85,12.17,12.74,176735462.0,12.74,10.99
2026-06-02T10:40:29,2026-06-02 10:40:27,000799,酒鬼酒,44.68,-1.3687,45.31,46.86,44.03,45.3,882719000.39,45.3,41.58
2026-06-02T10:40:29,2026-06-02 10:40:27,002824,和胜股份,25.21,-1.4079,25.83,25.86,24.5,25.57,238840084.34,25.57,24.43
2026-06-02T10:40:29,2026-06-02 10:40:27,001269,欧晶科技,26.07,-0.0383,25.53,26.1,24.91,26.08,155683659.53,26.08,24.22
2026-06-02T10:45:31,2026-06-02 10:45:30,601702,华峰铝业,20.26,0.0,20.4,20.68,20.1,20.26,158978557.0,20.26,18.7
2026-06-02T10:45:31,2026-06-02 10:45:29,600979,广安爱众,5.19,-1.518,5.28,5.3,5.09,5.27,346784093.0,5.27,4.82
2026-06-02T10:45:31,2026-06-02 10:45:26,600622,光大嘉宝,2.59,-2.2642,2.64,2.71,2.57,2.65,93757064.0,2.65,2.46
2026-06-02T10:45:31,2026-06-02 10:45:30,002251,步步高,4.76,-4.8,4.85,4.99,4.68,5.0,1151124818.47,5.0,4.45
2026-06-02T10:45:31,2026-06-02 10:45:29,601566,九牧王,12.2,-4.2386,12.6,12.85,12.15,12.74,183968216.0,12.74,10.99
2026-06-02T10:45:31,2026-06-02 10:45:30,000799,酒鬼酒,44.76,-1.1921,45.31,46.86,44.03,45.3,892413526.39,45.3,41.58
2026-06-02T10:45:31,2026-06-02 10:45:30,002824,和胜股份,25.18,-1.5252,25.83,25.86,24.5,25.57,243880663.34,25.57,24.43
2026-06-02T10:45:31,2026-06-02 10:45:30,001269,欧晶科技,26.24,0.6135,25.53,26.29,24.91,26.08,164498735.73,26.08,24.22
2026-06-02T10:50:22,2026-06-02 10:50:21,601702,华峰铝业,20.34,0.3949,20.4,20.68,20.1,20.26,164078469.0,20.26,18.7
2026-06-02T10:50:22,2026-06-02 10:50:20,600979,广安爱众,5.2,-1.3283,5.28,5.3,5.09,5.27,353407996.0,5.27,4.82
2026-06-02T10:50:22,2026-06-02 10:50:20,600622,光大嘉宝,2.59,-2.2642,2.64,2.71,2.57,2.65,94070562.0,2.65,2.46
2026-06-02T10:50:22,2026-06-02 10:50:21,002251,步步高,4.78,-4.4,4.85,4.99,4.68,5.0,1182348181.47,5.0,4.45
2026-06-02T10:50:22,2026-06-02 10:50:20,601566,九牧王,12.2,-4.2386,12.6,12.85,12.15,12.74,188844254.0,12.74,10.99
2026-06-02T10:50:22,2026-06-02 10:50:21,000799,酒鬼酒,44.84,-1.0155,45.31,46.86,44.03,45.3,900716959.39,45.3,41.58
2026-06-02T10:50:22,2026-06-02 10:50:21,002824,和胜股份,25.29,-1.095,25.83,25.86,24.5,25.57,250096054.34,25.57,24.43
2026-06-02T10:50:22,2026-06-02 10:50:21,001269,欧晶科技,26.4,1.227,25.53,26.54,24.91,26.08,187886298.73,26.08,24.22
2026-06-02T10:55:13,2026-06-02 10:55:12,601702,华峰铝业,20.28,0.0987,20.4,20.68,20.1,20.26,167094206.0,20.26,18.7
2026-06-02T10:55:13,2026-06-02 10:55:11,600979,广安爱众,5.2,-1.3283,5.28,5.3,5.09,5.27,358166959.0,5.27,4.82
2026-06-02T10:55:13,2026-06-02 10:55:11,600622,光大嘉宝,2.59,-2.2642,2.64,2.71,2.57,2.65,94648103.0,2.65,2.46
2026-06-02T10:55:13,2026-06-02 10:55:12,002251,步步高,4.77,-4.6,4.85,4.99,4.68,5.0,1190840970.47,5.0,4.45
2026-06-02T10:55:13,2026-06-02 10:55:11,601566,九牧王,12.23,-4.0031,12.6,12.85,12.15,12.74,191545279.0,12.74,10.99
2026-06-02T10:55:13,2026-06-02 10:55:12,000799,酒鬼酒,44.75,-1.2141,45.31,46.86,44.03,45.3,908119287.19,45.3,41.58
2026-06-02T10:55:13,2026-06-02 10:55:12,002824,和胜股份,25.25,-1.2515,25.83,25.86,24.5,25.57,253190854.34,25.57,24.43
2026-06-02T10:55:13,2026-06-02 10:55:12,001269,欧晶科技,26.69,2.339,25.53,26.85,24.91,26.08,202513594.07,26.08,24.22
2026-06-02T11:00:04,2026-06-02 11:00:03,601702,华峰铝业,20.26,0.0,20.4,20.68,20.1,20.26,169272844.0,20.26,18.7
2026-06-02T11:00:04,2026-06-02 11:00:02,600979,广安爱众,5.19,-1.518,5.28,5.3,5.09,5.27,361724732.0,5.27,4.82
2026-06-02T11:00:04,2026-06-02 11:00:02,600622,光大嘉宝,2.57,-3.0189,2.64,2.71,2.57,2.65,96506273.0,2.65,2.46
2026-06-02T11:00:04,2026-06-02 11:00:03,002251,步步高,4.74,-5.2,4.85,4.99,4.68,5.0,1221279368.88,5.0,4.45
2026-06-02T11:00:04,2026-06-02 11:00:02,601566,九牧王,12.23,-4.0031,12.6,12.85,12.15,12.74,193550514.0,12.74,10.99
2026-06-02T11:00:04,2026-06-02 11:00:03,000799,酒鬼酒,44.66,-1.4128,45.31,46.86,44.03,45.3,920772373.19,45.3,41.58
2026-06-02T11:00:04,2026-06-02 11:00:03,002824,和胜股份,25.24,-1.2906,25.83,25.86,24.5,25.57,255631321.34,25.57,24.43
2026-06-02T11:00:04,2026-06-02 11:00:03,001269,欧晶科技,26.47,1.4954,25.53,26.85,24.91,26.08,208939501.07,26.08,24.22
2026-06-02T11:05:56,2026-06-02 11:05:54,601702,华峰铝业,20.21,-0.2468,20.4,20.68,20.1,20.26,174338864.0,20.26,18.7
2026-06-02T11:05:56,2026-06-02 11:05:53,600979,广安爱众,5.18,-1.7078,5.28,5.3,5.09,5.27,368239766.0,5.27,4.82
2026-06-02T11:05:56,2026-06-02 11:05:50,600622,光大嘉宝,2.57,-3.0189,2.64,2.71,2.57,2.65,97909299.0,2.65,2.46
2026-06-02T11:05:56,2026-06-02 11:05:54,002251,步步高,4.75,-5.0,4.85,4.99,4.68,5.0,1241914592.83,5.0,4.45
2026-06-02T11:05:56,2026-06-02 11:05:53,601566,九牧王,12.23,-4.0031,12.6,12.85,12.15,12.74,198903362.0,12.74,10.99
2026-06-02T11:05:56,2026-06-02 11:05:54,000799,酒鬼酒,44.86,-0.9713,45.31,46.86,44.03,45.3,929928849.19,45.3,41.58
2026-06-02T11:05:56,2026-06-02 11:05:54,002824,和胜股份,25.16,-1.6034,25.83,25.86,24.5,25.57,265436454.34,25.57,24.43
2026-06-02T11:05:56,2026-06-02 11:05:54,001269,欧晶科技,27.02,3.6043,25.53,27.25,24.91,26.08,235146176.92,26.08,24.22
2026-06-02T11:10:47,2026-06-02 11:10:45,601702,华峰铝业,20.15,-0.5429,20.4,20.68,20.1,20.26,178026345.0,20.26,18.7
2026-06-02T11:10:47,2026-06-02 11:10:44,600979,广安爱众,5.18,-1.7078,5.28,5.3,5.09,5.27,370777795.0,5.27,4.82
2026-06-02T11:10:47,2026-06-02 11:10:44,600622,光大嘉宝,2.58,-2.6415,2.64,2.71,2.57,2.65,98431407.0,2.65,2.46
2026-06-02T11:10:47,2026-06-02 11:10:45,002251,步步高,4.72,-5.6,4.85,4.99,4.68,5.0,1261092599.95,5.0,4.45
2026-06-02T11:10:47,2026-06-02 11:10:44,601566,九牧王,12.31,-3.3752,12.6,12.85,12.15,12.74,203145430.0,12.74,10.99
2026-06-02T11:10:47,2026-06-02 11:10:45,000799,酒鬼酒,44.91,-0.8609,45.31,46.86,44.03,45.3,935730732.19,45.3,41.58
2026-06-02T11:10:47,2026-06-02 11:10:45,002824,和胜股份,25.09,-1.8772,25.83,25.86,24.5,25.57,268822010.34,25.57,24.43
2026-06-02T11:10:47,2026-06-02 11:10:45,001269,欧晶科技,26.81,2.7991,25.53,27.25,24.91,26.08,243955320.92,26.08,24.22
2026-06-02T11:15:39,2026-06-02 11:15:36,601702,华峰铝业,20.11,-0.7404,20.4,20.68,20.1,20.26,183063837.0,20.26,18.7
2026-06-02T11:15:39,2026-06-02 11:15:37,600979,广安爱众,5.23,-0.759,5.28,5.3,5.09,5.27,378449499.0,5.27,4.82
2026-06-02T11:15:39,2026-06-02 11:15:35,600622,光大嘉宝,2.57,-3.0189,2.64,2.71,2.57,2.65,99126850.0,2.65,2.46
2026-06-02T11:15:39,2026-06-02 11:15:36,002251,步步高,4.8,-4.0,4.85,4.99,4.68,5.0,1287341634.11,5.0,4.45
2026-06-02T11:15:39,2026-06-02 11:15:32,601566,九牧王,12.33,-3.2182,12.6,12.85,12.15,12.74,206724127.0,12.74,10.99
2026-06-02T11:15:39,2026-06-02 11:15:36,000799,酒鬼酒,45.0,-0.6623,45.31,46.86,44.03,45.3,942013773.19,45.3,41.58
2026-06-02T11:15:39,2026-06-02 11:15:36,002824,和胜股份,24.94,-2.4638,25.83,25.86,24.5,25.57,273324689.34,25.57,24.43
2026-06-02T11:15:39,2026-06-02 11:15:36,001269,欧晶科技,26.69,2.339,25.53,27.25,24.91,26.08,246613713.92,26.08,24.22
2026-06-02T11:20:30,2026-06-02 11:20:27,601702,华峰铝业,20.17,-0.4442,20.4,20.68,20.1,20.26,185410894.0,20.26,18.7
2026-06-02T11:20:30,2026-06-02 11:20:29,600979,广安爱众,5.21,-1.1385,5.28,5.3,5.09,5.27,387315182.0,5.27,4.82
2026-06-02T11:20:30,2026-06-02 11:20:29,600622,光大嘉宝,2.57,-3.0189,2.64,2.71,2.57,2.65,99716757.0,2.65,2.46
2026-06-02T11:20:30,2026-06-02 11:20:27,002251,步步高,4.78,-4.4,4.85,4.99,4.68,5.0,1295608101.11,5.0,4.45
2026-06-02T11:20:30,2026-06-02 11:20:26,601566,九牧王,12.24,-3.9246,12.6,12.85,12.15,12.74,210134627.0,12.74,10.99
2026-06-02T11:20:30,2026-06-02 11:20:27,000799,酒鬼酒,44.79,-1.1258,45.31,46.86,44.03,45.3,947668245.19,45.3,41.58
2026-06-02T11:20:30,2026-06-02 11:20:27,002824,和胜股份,25.07,-1.9554,25.83,25.86,24.5,25.57,277030168.34,25.57,24.43
2026-06-02T11:20:30,2026-06-02 11:20:27,001269,欧晶科技,26.52,1.6871,25.53,27.25,24.91,26.08,249382235.92,26.08,24.22
2026-06-02T11:25:21,2026-06-02 11:25:18,601702,华峰铝业,20.22,-0.1974,20.4,20.68,20.1,20.26,187772756.0,20.26,18.7
2026-06-02T11:25:21,2026-06-02 11:25:20,600979,广安爱众,5.22,-0.9488,5.28,5.3,5.09,5.27,389121547.0,5.27,4.82
2026-06-02T11:25:21,2026-06-02 11:25:17,600622,光大嘉宝,2.57,-3.0189,2.64,2.71,2.56,2.65,102520000.0,2.65,2.46
2026-06-02T11:25:21,2026-06-02 11:25:18,002251,步步高,4.79,-4.2,4.85,4.99,4.68,5.0,1302564673.11,5.0,4.45
2026-06-02T11:25:21,2026-06-02 11:25:17,601566,九牧王,12.21,-4.1601,12.6,12.85,12.15,12.74,213998524.0,12.74,10.99
2026-06-02T11:25:21,2026-06-02 11:25:15,000799,酒鬼酒,44.72,-1.2804,45.31,46.86,44.03,45.3,951854120.19,45.3,41.58
2026-06-02T11:25:21,2026-06-02 11:25:18,002824,和胜股份,24.99,-2.2683,25.83,25.86,24.5,25.57,279172856.34,25.57,24.43
2026-06-02T11:25:21,2026-06-02 11:25:18,001269,欧晶科技,26.54,1.7638,25.53,27.25,24.91,26.08,251584559.92,26.08,24.22
2026-06-02T11:30:12,2026-06-02 11:29:59,601702,华峰铝业,20.23,-0.1481,20.4,20.68,20.1,20.26,189024602.0,20.26,18.7
2026-06-02T11:30:12,2026-06-02 11:30:00,600979,广安爱众,5.21,-1.1385,5.28,5.3,5.09,5.27,390989637.0,5.27,4.82
2026-06-02T11:30:12,2026-06-02 11:30:00,600622,光大嘉宝,2.57,-3.0189,2.64,2.71,2.56,2.65,103284692.0,2.65,2.46
2026-06-02T11:30:12,2026-06-02 11:30:00,002251,步步高,4.79,-4.2,4.85,4.99,4.68,5.0,1311333561.11,5.0,4.45
2026-06-02T11:30:12,2026-06-02 11:30:00,601566,九牧王,12.23,-4.0031,12.6,12.85,12.15,12.74,216986608.0,12.74,10.99
2026-06-02T11:30:12,2026-06-02 11:30:00,000799,酒鬼酒,44.66,-1.4128,45.31,46.86,44.03,45.3,956645290.19,45.3,41.58
2026-06-02T11:30:12,2026-06-02 11:30:00,002824,和胜股份,25.03,-2.1118,25.83,25.86,24.5,25.57,282281677.34,25.57,24.43
2026-06-02T11:30:12,2026-06-02 11:30:00,001269,欧晶科技,26.56,1.8405,25.53,27.25,24.91,26.08,253315519.92,26.08,24.22
2026-06-02T13:00:26,2026-06-02 13:00:24,601702,华峰铝业,20.29,0.1481,20.4,20.68,20.1,20.26,189889713.0,20.26,18.7
2026-06-02T13:00:26,2026-06-02 13:00:23,600979,广安爱众,5.2,-1.3283,5.28,5.3,5.09,5.27,392762849.0,5.27,4.82
2026-06-02T13:00:26,2026-06-02 13:00:23,600622,光大嘉宝,2.57,-3.0189,2.64,2.71,2.56,2.65,104006463.0,2.65,2.46
2026-06-02T13:00:26,2026-06-02 13:00:24,002251,步步高,4.79,-4.2,4.85,4.99,4.68,5.0,1313586765.11,5.0,4.45
2026-06-02T13:00:26,2026-06-02 13:00:23,601566,九牧王,12.25,-3.8462,12.6,12.85,12.15,12.74,217640188.0,12.74,10.99
2026-06-02T13:00:26,2026-06-02 13:00:24,000799,酒鬼酒,44.6,-1.5453,45.31,46.86,44.03,45.3,958695037.19,45.3,41.58
2026-06-02T13:00:26,2026-06-02 13:00:24,002824,和胜股份,25.15,-1.6425,25.83,25.86,24.5,25.57,284115227.34,25.57,24.43
2026-06-02T13:00:26,2026-06-02 13:00:21,001269,欧晶科技,26.61,2.0322,25.53,27.25,24.91,26.08,254572741.69,26.08,24.22
2026-06-02T13:05:17,2026-06-02 13:05:15,601702,华峰铝业,20.19,-0.3455,20.4,20.68,20.1,20.26,194179462.0,20.26,18.7
2026-06-02T13:05:17,2026-06-02 13:05:17,600979,广安爱众,5.21,-1.1385,5.28,5.3,5.09,5.27,395193435.0,5.27,4.82
2026-06-02T13:05:17,2026-06-02 13:05:17,600622,光大嘉宝,2.59,-2.2642,2.64,2.71,2.56,2.65,106300345.0,2.65,2.46
2026-06-02T13:05:17,2026-06-02 13:05:15,002251,步步高,4.76,-4.8,4.85,4.99,4.68,5.0,1320474946.11,5.0,4.45
2026-06-02T13:05:17,2026-06-02 13:05:14,601566,九牧王,12.27,-3.6892,12.6,12.85,12.15,12.74,221845187.0,12.74,10.99
2026-06-02T13:05:17,2026-06-02 13:05:15,000799,酒鬼酒,44.73,-1.2583,45.31,46.86,44.03,45.3,963182401.19,45.3,41.58
2026-06-02T13:05:17,2026-06-02 13:05:15,002824,和胜股份,25.35,-0.8604,25.83,25.86,24.5,25.57,292662201.34,25.57,24.43
2026-06-02T13:05:17,2026-06-02 13:05:15,001269,欧晶科技,26.34,0.9969,25.53,27.25,24.91,26.08,260438226.89,26.08,24.22
2026-06-02T13:10:09,2026-06-02 13:10:06,601702,华峰铝业,20.39,0.6417,20.4,20.68,20.1,20.26,200969047.0,20.26,18.7
2026-06-02T13:10:09,2026-06-02 13:10:08,600979,广安爱众,5.2,-1.3283,5.28,5.3,5.09,5.27,397524296.0,5.27,4.82
2026-06-02T13:10:09,2026-06-02 13:10:05,600622,光大嘉宝,2.58,-2.6415,2.64,2.71,2.56,2.65,106853185.0,2.65,2.46
2026-06-02T13:10:09,2026-06-02 13:10:06,002251,步步高,4.76,-4.8,4.85,4.99,4.68,5.0,1334048294.01,5.0,4.45
2026-06-02T13:10:09,2026-06-02 13:10:05,601566,九牧王,12.27,-3.6892,12.6,12.85,12.15,12.74,226910097.0,12.74,10.99
2026-06-02T13:10:09,2026-06-02 13:10:06,000799,酒鬼酒,44.62,-1.5011,45.31,46.86,44.03,45.3,971148305.79,45.3,41.58
2026-06-02T13:10:09,2026-06-02 13:10:06,002824,和胜股份,25.19,-1.4861,25.83,25.86,24.5,25.57,300378399.51,25.57,24.43
2026-06-02T13:10:09,2026-06-02 13:10:06,001269,欧晶科技,26.28,0.7669,25.53,27.25,24.91,26.08,264230972.89,26.08,24.22
2026-06-02T13:15:00,2026-06-02 13:14:54,601702,华峰铝业,20.33,0.3455,20.4,20.68,20.1,20.26,205967968.0,20.26,18.7
2026-06-02T13:15:00,2026-06-02 13:14:59,600979,广安爱众,5.19,-1.518,5.28,5.3,5.09,5.27,400419934.0,5.27,4.82
2026-06-02T13:15:00,2026-06-02 13:14:59,600622,光大嘉宝,2.58,-2.6415,2.64,2.71,2.56,2.65,107425388.0,2.65,2.46
2026-06-02T13:15:00,2026-06-02 13:14:57,002251,步步高,4.75,-5.0,4.85,4.99,4.68,5.0,1348972380.01,5.0,4.45
2026-06-02T13:15:00,2026-06-02 13:14:59,601566,九牧王,12.22,-4.0816,12.6,12.85,12.15,12.74,229555755.0,12.74,10.99
2026-06-02T13:15:00,2026-06-02 13:14:57,000799,酒鬼酒,44.4,-1.9868,45.31,46.86,44.03,45.3,986068860.67,45.3,41.58
2026-06-02T13:15:00,2026-06-02 13:14:57,002824,和胜股份,25.16,-1.6034,25.83,25.86,24.5,25.57,303064885.51,25.57,24.43
2026-06-02T13:15:00,2026-06-02 13:14:57,001269,欧晶科技,26.19,0.4218,25.53,27.25,24.91,26.08,267359383.89,26.08,24.22
2026-06-02T13:20:52,2026-06-02 13:20:51,601702,华峰铝业,20.39,0.6417,20.4,20.68,20.1,20.26,214071259.0,20.26,18.7
2026-06-02T13:20:52,2026-06-02 13:20:50,600979,广安爱众,5.19,-1.518,5.28,5.3,5.09,5.27,404981749.0,5.27,4.82
2026-06-02T13:20:52,2026-06-02 13:20:50,600622,光大嘉宝,2.58,-2.6415,2.64,2.71,2.56,2.65,108890493.0,2.65,2.46
2026-06-02T13:20:52,2026-06-02 13:20:48,002251,步步高,4.75,-5.0,4.85,4.99,4.68,5.0,1365429346.16,5.0,4.45
2026-06-02T13:20:52,2026-06-02 13:20:47,601566,九牧王,12.21,-4.1601,12.6,12.85,12.15,12.74,235385090.0,12.74,10.99
2026-06-02T13:20:52,2026-06-02 13:20:48,000799,酒鬼酒,44.45,-1.8764,45.31,46.86,44.03,45.3,995360228.95,45.3,41.58
2026-06-02T13:20:52,2026-06-02 13:20:48,002824,和胜股份,25.06,-1.9945,25.83,25.86,24.5,25.57,311102266.51,25.57,24.43
2026-06-02T13:20:52,2026-06-02 13:20:48,001269,欧晶科技,26.3,0.8436,25.53,27.25,24.91,26.08,270842519.89,26.08,24.22
2026-06-02T13:25:43,2026-06-02 13:25:42,601702,华峰铝业,20.35,0.4442,20.4,20.68,20.1,20.26,222572044.0,20.26,18.7
2026-06-02T13:25:43,2026-06-02 13:25:41,600979,广安爱众,5.19,-1.518,5.28,5.3,5.09,5.27,408345315.0,5.27,4.82
2026-06-02T13:25:43,2026-06-02 13:25:41,600622,光大嘉宝,2.57,-3.0189,2.64,2.71,2.56,2.65,112129743.0,2.65,2.46
2026-06-02T13:25:43,2026-06-02 13:25:42,002251,步步高,4.77,-4.6,4.85,4.99,4.68,5.0,1373751846.16,5.0,4.45
2026-06-02T13:25:43,2026-06-02 13:25:42,601566,九牧王,12.19,-4.3171,12.6,12.85,12.15,12.74,239698426.0,12.74,10.99
2026-06-02T13:25:43,2026-06-02 13:25:42,000799,酒鬼酒,44.68,-1.3687,45.31,46.86,44.03,45.3,1005950503.95,45.3,41.58
2026-06-02T13:25:43,2026-06-02 13:25:42,002824,和胜股份,25.02,-2.151,25.83,25.86,24.5,25.57,316177073.51,25.57,24.43
2026-06-02T13:25:43,2026-06-02 13:25:42,001269,欧晶科技,26.42,1.3037,25.53,27.25,24.91,26.08,274347647.91,26.08,24.22
2026-06-02T13:30:34,2026-06-02 13:30:33,601702,华峰铝业,20.42,0.7897,20.4,20.68,20.1,20.26,228371454.0,20.26,18.7
2026-06-02T13:30:34,2026-06-02 13:30:32,600979,广安爱众,5.19,-1.518,5.28,5.3,5.09,5.27,409796244.0,5.27,4.82
2026-06-02T13:30:34,2026-06-02 13:30:32,600622,光大嘉宝,2.57,-3.0189,2.64,2.71,2.56,2.65,112525615.0,2.65,2.46
2026-06-02T13:30:34,2026-06-02 13:30:33,002251,步步高,4.75,-5.0,4.85,4.99,4.68,5.0,1381844673.16,5.0,4.45
2026-06-02T13:30:34,2026-06-02 13:30:32,601566,九牧王,12.17,-4.4741,12.6,12.85,12.15,12.74,243242092.0,12.74,10.99
2026-06-02T13:30:34,2026-06-02 13:30:33,000799,酒鬼酒,44.7,-1.3245,45.31,46.86,44.03,45.3,1010156280.95,45.3,41.58
2026-06-02T13:30:34,2026-06-02 13:30:33,002824,和胜股份,25.07,-1.9554,25.83,25.86,24.5,25.57,318441412.51,25.57,24.43
2026-06-02T13:30:34,2026-06-02 13:30:30,001269,欧晶科技,26.4,1.227,25.53,27.25,24.91,26.08,276273572.73,26.08,24.22
2026-06-02T13:35:26,2026-06-02 13:35:24,601702,华峰铝业,20.39,0.6417,20.4,20.68,20.1,20.26,234746199.0,20.26,18.7
2026-06-02T13:35:26,2026-06-02 13:35:23,600979,广安爱众,5.2,-1.3283,5.28,5.3,5.09,5.27,416280390.0,5.27,4.82
2026-06-02T13:35:26,2026-06-02 13:35:23,600622,光大嘉宝,2.58,-2.6415,2.64,2.71,2.56,2.65,116252911.0,2.65,2.46
2026-06-02T13:35:26,2026-06-02 13:35:24,002251,步步高,4.73,-5.4,4.85,4.99,4.68,5.0,1403349543.11,5.0,4.45
2026-06-02T13:35:26,2026-06-02 13:35:23,601566,九牧王,12.18,-4.3956,12.6,12.85,12.15,12.74,247488178.0,12.74,10.99
2026-06-02T13:35:26,2026-06-02 13:35:24,000799,酒鬼酒,44.78,-1.1479,45.31,46.86,44.03,45.3,1015047765.49,45.3,41.58
2026-06-02T13:35:26,2026-06-02 13:35:24,002824,和胜股份,25.08,-1.9163,25.83,25.86,24.5,25.57,322809429.51,25.57,24.43
2026-06-02T13:35:26,2026-06-02 13:35:24,001269,欧晶科技,26.52,1.6871,25.53,27.25,24.91,26.08,278520397.73,26.08,24.22
2026-06-02T13:40:17,2026-06-02 13:40:15,601702,华峰铝业,20.45,0.9378,20.4,20.68,20.1,20.26,243138037.0,20.26,18.7
2026-06-02T13:40:17,2026-06-02 13:40:14,600979,广安爱众,5.17,-1.8975,5.28,5.3,5.09,5.27,421200297.0,5.27,4.82
2026-06-02T13:40:17,2026-06-02 13:40:14,600622,光大嘉宝,2.57,-3.0189,2.64,2.71,2.56,2.65,117665966.0,2.65,2.46
2026-06-02T13:40:17,2026-06-02 13:40:15,002251,步步高,4.73,-5.4,4.85,4.99,4.68,5.0,1421371860.87,5.0,4.45
2026-06-02T13:40:17,2026-06-02 13:40:14,601566,九牧王,12.19,-4.3171,12.6,12.85,12.15,12.74,250835956.0,12.74,10.99
2026-06-02T13:40:17,2026-06-02 13:40:15,000799,酒鬼酒,44.69,-1.3466,45.31,46.86,44.03,45.3,1023153447.29,45.3,41.58
2026-06-02T13:40:17,2026-06-02 13:40:15,002824,和胜股份,25.01,-2.1901,25.83,25.86,24.5,25.57,327637322.71,25.57,24.43
2026-06-02T13:40:17,2026-06-02 13:40:15,001269,欧晶科技,26.48,1.5337,25.53,27.25,24.91,26.08,280716379.73,26.08,24.22
2026-06-02T13:45:08,2026-06-02 13:45:06,601702,华峰铝业,20.43,0.8391,20.4,20.68,20.1,20.26,249614219.0,20.26,18.7
2026-06-02T13:45:08,2026-06-02 13:45:05,600979,广安爱众,5.19,-1.518,5.28,5.3,5.09,5.27,425571078.0,5.27,4.82
2026-06-02T13:45:08,2026-06-02 13:45:05,600622,光大嘉宝,2.56,-3.3962,2.64,2.71,2.56,2.65,120604838.0,2.65,2.46
2026-06-02T13:45:08,2026-06-02 13:45:06,002251,步步高,4.75,-5.0,4.85,4.99,4.68,5.0,1432222941.87,5.0,4.45
2026-06-02T13:45:08,2026-06-02 13:45:05,601566,九牧王,12.16,-4.5526,12.6,12.85,12.15,12.74,255358120.0,12.74,10.99
2026-06-02T13:45:08,2026-06-02 13:45:06,000799,酒鬼酒,44.59,-1.5673,45.31,46.86,44.03,45.3,1029017727.29,45.3,41.58
2026-06-02T13:45:08,2026-06-02 13:45:06,002824,和胜股份,25.01,-2.1901,25.83,25.86,24.5,25.57,331967615.71,25.57,24.43
2026-06-02T13:45:08,2026-06-02 13:45:06,001269,欧晶科技,26.37,1.112,25.53,27.25,24.91,26.08,282756262.73,26.08,24.22
2026-06-02T13:55:01,2026-06-02 13:55:00,601702,华峰铝业,20.43,0.8391,20.4,20.68,20.1,20.26,261813715.0,20.26,18.7
2026-06-02T13:55:01,2026-06-02 13:54:59,600979,广安爱众,5.19,-1.518,5.28,5.3,5.09,5.27,434037734.0,5.27,4.82
2026-06-02T13:55:01,2026-06-02 13:54:59,600622,光大嘉宝,2.55,-3.7736,2.64,2.71,2.54,2.65,132316048.0,2.65,2.46
2026-06-02T13:55:01,2026-06-02 13:55:00,002251,步步高,4.76,-4.8,4.85,4.99,4.68,5.0,1454043261.87,5.0,4.45
2026-06-02T13:55:01,2026-06-02 13:54:59,601566,九牧王,12.2,-4.2386,12.6,12.85,12.15,12.74,260750452.0,12.74,10.99
2026-06-02T13:55:01,2026-06-02 13:55:00,000799,酒鬼酒,44.73,-1.2583,45.31,46.86,44.03,45.3,1039842617.29,45.3,41.58
2026-06-02T13:55:01,2026-06-02 13:55:00,002824,和胜股份,25.03,-2.1118,25.83,25.86,24.5,25.57,338939813.71,25.57,24.43
2026-06-02T13:55:01,2026-06-02 13:55:00,001269,欧晶科技,26.47,1.4954,25.53,27.25,24.91,26.08,285940079.73,26.08,24.22
2026-06-02T14:00:53,2026-06-02 14:00:51,601702,华峰铝业,20.49,1.1352,20.4,20.68,20.1,20.26,268242537.0,20.26,18.7
2026-06-02T14:00:53,2026-06-02 14:00:50,600979,广安爱众,5.18,-1.7078,5.28,5.3,5.09,5.27,435884167.0,5.27,4.82
2026-06-02T14:00:53,2026-06-02 14:00:47,600622,光大嘉宝,2.57,-3.0189,2.64,2.71,2.54,2.65,134499680.0,2.65,2.46
2026-06-02T14:00:53,2026-06-02 14:00:51,002251,步步高,4.78,-4.4,4.85,4.99,4.68,5.0,1467045714.87,5.0,4.45
2026-06-02T14:00:53,2026-06-02 14:00:50,601566,九牧王,12.21,-4.1601,12.6,12.85,12.15,12.74,264366610.0,12.74,10.99
2026-06-02T14:00:53,2026-06-02 14:00:51,000799,酒鬼酒,44.66,-1.4128,45.31,46.86,44.03,45.3,1045072088.29,45.3,41.58
2026-06-02T14:00:53,2026-06-02 14:00:51,002824,和胜股份,25.12,-1.7599,25.83,25.86,24.5,25.57,344933661.71,25.57,24.43
2026-06-02T14:00:53,2026-06-02 14:00:51,001269,欧晶科技,26.44,1.3804,25.53,27.25,24.91,26.08,287538331.13,26.08,24.22
2026-06-02T14:05:44,2026-06-02 14:05:42,601702,华峰铝业,20.44,0.8885,20.4,20.68,20.1,20.26,275765034.0,20.26,18.7
2026-06-02T14:05:44,2026-06-02 14:05:41,600979,广安爱众,5.19,-1.518,5.28,5.3,5.09,5.27,439454554.0,5.27,4.82
2026-06-02T14:05:44,2026-06-02 14:05:41,600622,光大嘉宝,2.55,-3.7736,2.64,2.71,2.54,2.65,135903052.0,2.65,2.46
2026-06-02T14:05:44,2026-06-02 14:05:42,002251,步步高,4.76,-4.8,4.85,4.99,4.68,5.0,1475464708.87,5.0,4.45
2026-06-02T14:05:44,2026-06-02 14:05:41,601566,九牧王,12.22,-4.0816,12.6,12.85,12.15,12.74,266487281.0,12.74,10.99
2026-06-02T14:05:44,2026-06-02 14:05:42,000799,酒鬼酒,44.59,-1.5673,45.31,46.86,44.03,45.3,1052660129.29,45.3,41.58
2026-06-02T14:05:44,2026-06-02 14:05:42,002824,和胜股份,25.0,-2.2292,25.83,25.86,24.5,25.57,362656146.71,25.57,24.43
2026-06-02T14:05:44,2026-06-02 14:05:39,001269,欧晶科技,26.38,1.1503,25.53,27.25,24.91,26.08,289278944.13,26.08,24.22
2026-06-02T14:11:58,2026-06-02 14:11:54,601702,华峰铝业,20.37,0.5429,20.4,20.68,20.1,20.26,282563254.0,20.26,18.7
2026-06-02T14:11:58,2026-06-02 14:11:56,600979,广安爱众,5.2,-1.3283,5.28,5.3,5.09,5.27,448420457.0,5.27,4.82
2026-06-02T14:11:58,2026-06-02 14:11:56,600622,光大嘉宝,2.56,-3.3962,2.64,2.71,2.54,2.65,137572731.0,2.65,2.46
2026-06-02T14:11:58,2026-06-02 14:11:54,002251,步步高,4.9,-2.0,4.85,4.99,4.68,5.0,1517486447.87,5.0,4.45
2026-06-02T14:11:58,2026-06-02 14:11:56,601566,九牧王,12.21,-4.1601,12.6,12.85,12.15,12.74,270195742.0,12.74,10.99
2026-06-02T14:11:58,2026-06-02 14:11:54,000799,酒鬼酒,44.74,-1.2362,45.31,46.86,44.03,45.3,1063073268.29,45.3,41.58
2026-06-02T14:11:58,2026-06-02 14:11:54,002824,和胜股份,24.88,-2.6985,25.83,25.86,24.5,25.57,367900894.71,25.57,24.43
2026-06-02T14:11:58,2026-06-02 14:11:54,001269,欧晶科技,26.31,0.8819,25.53,27.25,24.91,26.08,292069208.13,26.08,24.22
2026-06-02T14:12:36,2026-06-02 14:12:33,601702,华峰铝业,20.36,0.4936,20.4,20.68,20.1,20.26,283347071.0,20.26,18.7
2026-06-02T14:12:36,2026-06-02 14:12:35,600979,广安爱众,5.2,-1.3283,5.28,5.3,5.09,5.27,448923849.0,5.27,4.82
2026-06-02T14:12:36,2026-06-02 14:12:35,600622,光大嘉宝,2.56,-3.3962,2.64,2.71,2.54,2.65,137626056.0,2.65,2.46
2026-06-02T14:12:36,2026-06-02 14:12:33,002251,步步高,4.88,-2.4,4.85,4.99,4.68,5.0,1531689072.91,5.0,4.45
2026-06-02T14:12:36,2026-06-02 14:12:33,601566,九牧王,12.22,-4.0816,12.6,12.85,12.15,12.74,270249494.0,12.74,10.99
2026-06-02T14:12:36,2026-06-02 14:12:33,000799,酒鬼酒,44.81,-1.0817,45.31,46.86,44.03,45.3,1063767123.29,45.3,41.58
2026-06-02T14:12:36,2026-06-02 14:12:33,002824,和胜股份,24.87,-2.7376,25.83,25.86,24.5,25.57,369032262.71,25.57,24.43
2026-06-02T14:12:36,2026-06-02 14:12:33,001269,欧晶科技,26.34,0.9969,25.53,27.25,24.91,26.08,292406249.13,26.08,24.22
2026-06-02T14:13:39,2026-06-02 14:13:36,601702,华峰铝业,20.34,0.3949,20.4,20.68,20.1,20.26,284464359.0,20.26,18.7
2026-06-02T14:13:39,2026-06-02 14:13:38,600979,广安爱众,5.2,-1.3283,5.28,5.3,5.09,5.27,449318930.0,5.27,4.82
2026-06-02T14:13:39,2026-06-02 14:13:38,600622,光大嘉宝,2.55,-3.7736,2.64,2.71,2.54,2.65,137738131.0,2.65,2.46
2026-06-02T14:13:39,2026-06-02 14:13:36,002251,步步高,4.92,-1.6,4.85,4.99,4.68,5.0,1549249576.95,5.0,4.45
2026-06-02T14:13:39,2026-06-02 14:13:35,601566,九牧王,12.2,-4.2386,12.6,12.85,12.15,12.74,270778247.0,12.74,10.99
2026-06-02T14:13:39,2026-06-02 14:13:36,000799,酒鬼酒,44.88,-0.9272,45.31,46.86,44.03,45.3,1068154883.49,45.3,41.58
2026-06-02T14:13:39,2026-06-02 14:13:36,002824,和胜股份,24.85,-2.8158,25.83,25.86,24.5,25.57,369989691.71,25.57,24.43
2026-06-02T14:13:39,2026-06-02 14:13:36,001269,欧晶科技,26.34,0.9969,25.53,27.25,24.91,26.08,292722178.13,26.08,24.22
2026-06-02T14:15:18,2026-06-02 14:15:15,601702,华峰铝业,20.34,0.3949,20.4,20.68,20.1,20.26,285278015.0,20.26,18.7
2026-06-02T14:15:18,2026-06-02 14:15:17,600979,广安爱众,5.2,-1.3283,5.28,5.3,5.09,5.27,450212599.0,5.27,4.82
2026-06-02T14:15:18,2026-06-02 14:15:17,600622,光大嘉宝,2.56,-3.3962,2.64,2.71,2.54,2.65,137907763.0,2.65,2.46
2026-06-02T14:15:18,2026-06-02 14:15:15,002251,步步高,4.88,-2.4,4.85,4.99,4.68,5.0,1563062369.95,5.0,4.45
2026-06-02T14:15:18,2026-06-02 14:15:15,601566,九牧王,12.22,-4.0816,12.6,12.85,12.15,12.74,271785355.0,12.74,10.99
2026-06-02T14:15:18,2026-06-02 14:15:15,000799,酒鬼酒,45.02,-0.6181,45.31,46.86,44.03,45.3,1076214445.49,45.3,41.58
2026-06-02T14:15:18,2026-06-02 14:15:15,002824,和胜股份,24.9,-2.6203,25.83,25.86,24.5,25.57,371422518.71,25.57,24.43
2026-06-02T14:15:18,2026-06-02 14:15:15,001269,欧晶科技,26.36,1.0736,25.53,27.25,24.91,26.08,293122780.13,26.08,24.22
